INSERT INTO resource (id, scope, parent_id, name, handle, dead_timestamp, state, previous_state, index_data, quarter, created_timestamp)
VALUES
  (1, 'UNIVERSITY', 1, 'university', 'university', NULL, 'ACCEPTED', 'ACCEPTED', 'U516', '20182', '2018-05-21 21:04:54.185'),
  (2, 'DEPARTMENT', 1, 'department-accepted', 'university/department-accepted', NULL, 'ACCEPTED', 'ACCEPTED', 'U516 D163 A213', '20182', '2018-05-21 21:04:54.185'),
  (3, 'BOARD', 2, 'department-accepted-board-accepted', 'university/department-accepted/board-accepted', NULL, 'ACCEPTED', 'ACCEPTED', 'U516 D163 A213 D163 A213 B630 A213', '20182', '2018-05-21 21:04:54.185'),
  (4, 'POST', 3, 'department-accepted-board-accepted-post-draft', 'university/department-accepted/board-accepted/post-draft', NULL, 'DRAFT', 'DRAFT', 'U516 D163 A213 D163 A213 B630 A213 D163 A213 B630 A213 P230 D613', '20182', '2018-05-21 21:04:54.185'),
  (5, 'POST', 3, 'department-accepted-board-accepted-post-pending', 'university/department-accepted/board-accepted/post-pending', NULL, 'PENDING', 'PENDING', 'U516 D163 A213 D163 A213 B630 A213 D163 A213 B630 A213 P230 P535', '20182', '2018-05-21 21:04:54.185'),
  (6, 'POST', 3, 'department-accepted-board-accepted-post-accepted', 'university/department-accepted/board-accepted/post-accepted', NULL, 'ACCEPTED', 'ACCEPTED', 'U516 D163 A213 D163 A213 B630 A213 D163 A213 B630 A213 P230 A213', '20182', '2018-05-21 21:04:54.185'),
  (7, 'POST', 3, 'department-accepted-board-accepted-post-expired', 'university/department-accepted/board-accepted/post-expired', NOW() - INTERVAL 1 DAY, 'EXPIRED', 'EXPIRED', 'U516 D163 A213 D163 A213 B630 A213 D163 A213 B630 A213 P230 E216', '20182', '2018-05-21 21:04:54.185'),
  (8, 'POST', 3, 'department-accepted-board-accepted-post-suspended', 'university/department-accepted/board-accepted/post-suspended', NULL, 'SUSPENDED', 'SUSPENDED', 'U516 D163 A213 D163 A213 B630 A213 D163 A213 B630 A213 P230 S215', '20182', '2018-05-21 21:04:54.185'),
  (9, 'POST', 3, 'department-accepted-board-accepted-post-rejected', 'university/department-accepted/board-accepted/post-rejected', NULL, 'REJECTED', 'REJECTED', 'U516 D163 A213 D163 A213 B630 A213 D163 A213 B630 A213 P230 R223', '20182', '2018-05-21 21:04:54.185'),
  (10, 'POST', 3, 'department-accepted-board-accepted-post-withdrawn', 'university/department-accepted/board-accepted/post-withdrawn', NULL, 'WITHDRAWN', 'WITHDRAWN', 'U516 D163 A213 D163 A213 B630 A213 D163 A213 B630 A213 P230 W365', '20182', '2018-05-21 21:04:54.185'),
  (11, 'POST', 3, 'department-accepted-board-accepted-post-archived', 'university/department-accepted/board-accepted/post-archived', NULL, 'ARCHIVED', 'ARCHIVED', 'U516 D163 A213 D163 A213 B630 A213 D163 A213 B630 A213 P230 A621', '20182', '2018-05-21 21:04:54.185'),
  (12, 'BOARD', 2, 'department-accepted-board-rejected', 'university/department-accepted/board-rejected', NULL, 'REJECTED', 'REJECTED', 'U516 D163 A213 D163 A213 B630 R223', '20182', '2018-05-21 21:04:54.185'),
  (13, 'POST', 12, 'department-accepted-board-rejected-post-draft', 'university/department-accepted/board-rejected/post-draft', NULL, 'DRAFT', 'DRAFT', 'U516 D163 A213 D163 A213 B630 R223 D163 A213 B630 R223 P230 D613', '20182', '2018-05-21 21:04:54.185'),
  (14, 'POST', 12, 'department-accepted-board-rejected-post-pending', 'university/department-accepted/board-rejected/post-pending', NULL, 'PENDING', 'PENDING', 'U516 D163 A213 D163 A213 B630 R223 D163 A213 B630 R223 P230 P535', '20182', '2018-05-21 21:04:54.185'),
  (15, 'POST', 12, 'department-accepted-board-rejected-post-accepted', 'university/department-accepted/board-rejected/post-accepted', NULL, 'ACCEPTED', 'ACCEPTED', 'U516 D163 A213 D163 A213 B630 R223 D163 A213 B630 R223 P230 A213', '20182', '2018-05-21 21:04:54.185'),
  (16, 'POST', 12, 'department-accepted-board-rejected-post-expired', 'university/department-accepted/board-rejected/post-expired', NOW() - INTERVAL 1 DAY, 'EXPIRED', 'EXPIRED', 'U516 D163 A213 D163 A213 B630 R223 D163 A213 B630 R223 P230 E216', '20182', '2018-05-21 21:04:54.185'),
  (17, 'POST', 12, 'department-accepted-board-rejected-post-suspended', 'university/department-accepted/board-rejected/post-suspended', NULL, 'SUSPENDED', 'SUSPENDED', 'U516 D163 A213 D163 A213 B630 R223 D163 A213 B630 R223 P230 S215', '20182', '2018-05-21 21:04:54.185'),
  (18, 'POST', 12, 'department-accepted-board-rejected-post-rejected', 'university/department-accepted/board-rejected/post-rejected', NULL, 'REJECTED', 'REJECTED', 'U516 D163 A213 D163 A213 B630 R223 D163 A213 B630 R223 P230 R223', '20182', '2018-05-21 21:04:54.185'),
  (19, 'POST', 12, 'department-accepted-board-rejected-post-withdrawn', 'university/department-accepted/board-rejected/post-withdrawn', NULL, 'WITHDRAWN', 'WITHDRAWN', 'U516 D163 A213 D163 A213 B630 R223 D163 A213 B630 R223 P230 W365', '20182', '2018-05-21 21:04:54.185'),
  (20, 'POST', 12, 'department-accepted-board-rejected-post-archived', 'university/department-accepted/board-rejected/post-archived', NULL, 'ARCHIVED', 'ARCHIVED', 'U516 D163 A213 D163 A213 B630 R223 D163 A213 B630 R223 P230 A621', '20182', '2018-05-21 21:04:54.185'),
  (21, 'DEPARTMENT', 1, 'department-rejected', 'university/department-rejected', NULL, 'REJECTED', 'REJECTED', 'U516 D163 R223', '20182', '2018-05-21 21:04:54.185'),
  (22, 'BOARD', 21, 'department-rejected-board-accepted', 'university/department-rejected/board-accepted', NULL, 'ACCEPTED', 'ACCEPTED', 'U516 D163 R223 D163 R223 B630 A213', '20182', '2018-05-21 21:04:54.185'),
  (23, 'POST', 22, 'department-rejected-board-accepted-post-draft', 'university/department-rejected/board-accepted/post-draft', NULL, 'DRAFT', 'DRAFT', 'U516 D163 R223 D163 R223 B630 A213 D163 R223 B630 A213 P230 D613', '20182', '2018-05-21 21:04:54.185'),
  (24, 'POST', 22, 'department-rejected-board-accepted-post-pending', 'university/department-rejected/board-accepted/post-pending', NULL, 'PENDING', 'PENDING', 'U516 D163 R223 D163 R223 B630 A213 D163 R223 B630 A213 P230 P535', '20182', '2018-05-21 21:04:54.185'),
  (25, 'POST', 22, 'department-rejected-board-accepted-post-accepted', 'university/department-rejected/board-accepted/post-accepted', NULL, 'ACCEPTED', 'ACCEPTED', 'U516 D163 R223 D163 R223 B630 A213 D163 R223 B630 A213 P230 A213', '20182', '2018-05-21 21:04:54.185'),
  (26, 'POST', 22, 'department-rejected-board-accepted-post-expired', 'university/department-rejected/board-accepted/post-expired', NOW() - INTERVAL 1 DAY, 'EXPIRED', 'EXPIRED', 'U516 D163 R223 D163 R223 B630 A213 D163 R223 B630 A213 P230 E216', '20182', '2018-05-21 21:04:54.185'),
  (27, 'POST', 22, 'department-rejected-board-accepted-post-suspended', 'university/department-rejected/board-accepted/post-suspended', NULL, 'SUSPENDED', 'SUSPENDED', 'U516 D163 R223 D163 R223 B630 A213 D163 R223 B630 A213 P230 S215', '20182', '2018-05-21 21:04:54.185'),
  (28, 'POST', 22, 'department-rejected-board-accepted-post-rejected', 'university/department-rejected/board-accepted/post-rejected', NULL, 'REJECTED', 'REJECTED', 'U516 D163 R223 D163 R223 B630 A213 D163 R223 B630 A213 P230 R223', '20182', '2018-05-21 21:04:54.185'),
  (29, 'POST', 22, 'department-rejected-board-accepted-post-withdrawn', 'university/department-rejected/board-accepted/post-withdrawn', NULL, 'WITHDRAWN', 'WITHDRAWN', 'U516 D163 R223 D163 R223 B630 A213 D163 R223 B630 A213 P230 W365', '20182', '2018-05-21 21:04:54.185'),
  (30, 'POST', 22, 'department-rejected-board-accepted-post-archived', 'university/department-rejected/board-accepted/post-archived', NULL, 'ARCHIVED', 'ARCHIVED', 'U516 D163 R223 D163 R223 B630 A213 D163 R223 B630 A213 P230 A621', '20183', '2018-08-21 21:04:54.185'),
  (31, 'BOARD', 21, 'department-rejected-board-rejected', 'university/department-rejected/board-rejected', NULL, 'REJECTED', 'REJECTED', 'U516 D163 R223 D163 R223 B630 R223', '20182', '2018-05-21 21:04:54.185'),
  (32, 'POST', 31, 'department-rejected-board-rejected-post-draft', 'university/department-rejected/board-rejected/post-draft', NULL, 'DRAFT', 'DRAFT', 'U516 D163 R223 D163 R223 B630 R223 D163 R223 B630 R223 P230 D613', '20182', '2018-05-21 21:04:54.185'),
  (33, 'POST', 31, 'department-rejected-board-rejected-post-pending', 'university/department-rejected/board-rejected/post-pending', NULL, 'PENDING', 'PENDING', 'U516 D163 R223 D163 R223 B630 R223 D163 R223 B630 R223 P230 P535', '20182', '2018-05-21 21:04:54.185'),
  (34, 'POST', 31, 'department-rejected-board-rejected-post-accepted', 'university/department-rejected/board-rejected/post-accepted', NULL, 'ACCEPTED', 'ACCEPTED', 'U516 D163 R223 D163 R223 B630 R223 D163 R223 B630 R223 P230 A213', '20182', '2018-05-21 21:04:54.185'),
  (35, 'POST', 31, 'department-rejected-board-rejected-post-expired', 'university/department-rejected/board-rejected/post-expired', NOW() - INTERVAL 1 DAY, 'EXPIRED', 'EXPIRED', 'U516 D163 R223 D163 R223 B630 R223 D163 R223 B630 R223 P230 E216', '20182', '2018-05-21 21:04:54.185'),
  (36, 'POST', 31, 'department-rejected-board-rejected-post-suspended', 'university/department-rejected/board-rejected/post-suspended', NULL, 'SUSPENDED', 'SUSPENDED', 'U516 D163 R223 D163 R223 B630 R223 D163 R223 B630 R223 P230 S215', '20182', '2018-05-21 21:04:54.185'),
  (37, 'POST', 31, 'department-rejected-board-rejected-post-rejected', 'university/department-rejected/board-rejected/post-rejected', NULL, 'REJECTED', 'REJECTED', 'U516 D163 R223 D163 R223 B630 R223 D163 R223 B630 R223 P230 R223', '20182', '2018-05-21 21:04:54.185'),
  (38, 'POST', 31, 'department-rejected-board-rejected-post-withdrawn', 'university/department-rejected/board-rejected/post-withdrawn', NULL, 'WITHDRAWN', 'WITHDRAWN', 'U516 D163 R223 D163 R223 B630 R223 D163 R223 B630 R223 P230 W365', '20182', '2018-05-21 21:04:54.185'),
  (39, 'POST', 31, 'department-rejected-board-rejected-post-archived', 'university/department-rejected/board-rejected/post-archived', NULL, 'ARCHIVED', 'ARCHIVED', 'U516 D163 R223 D163 R223 B630 R223 D163 R223 B630 R223 P230 A621', '20183', '2018-08-21 21:04:54.185');

INSERT INTO resource_relation (id, resource1_id, resource2_id, created_timestamp)
VALUES
  (1, 1, 1, '2018-05-21 21:04:54.185'),
  (2, 2, 2, '2018-05-21 21:04:54.185'),
  (3, 1, 2, '2018-05-21 21:04:54.185'),
  (4, 3, 3, '2018-05-21 21:04:54.185'),
  (5, 2, 3, '2018-05-21 21:04:54.185'),
  (6, 1, 3, '2018-05-21 21:04:54.185'),
  (7, 4, 4, '2018-05-21 21:04:54.185'),
  (8, 3, 4, '2018-05-21 21:04:54.185'),
  (9, 2, 4, '2018-05-21 21:04:54.185'),
  (10, 1, 4, '2018-05-21 21:04:54.185'),
  (11, 5, 5, '2018-05-21 21:04:54.185'),
  (12, 3, 5, '2018-05-21 21:04:54.185'),
  (13, 2, 5, '2018-05-21 21:04:54.185'),
  (14, 1, 5, '2018-05-21 21:04:54.185'),
  (15, 6, 6, '2018-05-21 21:04:54.185'),
  (16, 3, 6, '2018-05-21 21:04:54.185'),
  (17, 2, 6, '2018-05-21 21:04:54.185'),
  (18, 1, 6, '2018-05-21 21:04:54.185'),
  (19, 7, 7, '2018-05-21 21:04:54.185'),
  (20, 3, 7, '2018-05-21 21:04:54.185'),
  (21, 2, 7, '2018-05-21 21:04:54.185'),
  (22, 1, 7, '2018-05-21 21:04:54.185'),
  (23, 8, 8, '2018-05-21 21:04:54.185'),
  (24, 3, 8, '2018-05-21 21:04:54.185'),
  (25, 2, 8, '2018-05-21 21:04:54.185'),
  (26, 1, 8, '2018-05-21 21:04:54.185'),
  (27, 9, 9, '2018-05-21 21:04:54.185'),
  (28, 3, 9, '2018-05-21 21:04:54.185'),
  (29, 2, 9, '2018-05-21 21:04:54.185'),
  (30, 1, 9, '2018-05-21 21:04:54.185'),
  (31, 10, 10, '2018-05-21 21:04:54.185'),
  (32, 3, 10, '2018-05-21 21:04:54.185'),
  (33, 2, 10, '2018-05-21 21:04:54.185'),
  (34, 1, 10, '2018-05-21 21:04:54.185'),
  (35, 11, 11, '2018-05-21 21:04:54.185'),
  (36, 3, 11, '2018-05-21 21:04:54.185'),
  (37, 2, 11, '2018-05-21 21:04:54.185'),
  (38, 1, 11, '2018-05-21 21:04:54.185'),
  (39, 12, 12, '2018-05-21 21:04:54.185'),
  (40, 2, 12, '2018-05-21 21:04:54.185'),
  (41, 1, 12, '2018-05-21 21:04:54.185'),
  (42, 13, 13, '2018-05-21 21:04:54.185'),
  (43, 12, 13, '2018-05-21 21:04:54.185'),
  (44, 2, 13, '2018-05-21 21:04:54.185'),
  (45, 1, 13, '2018-05-21 21:04:54.185'),
  (46, 14, 14, '2018-05-21 21:04:54.185'),
  (47, 12, 14, '2018-05-21 21:04:54.185'),
  (48, 2, 14, '2018-05-21 21:04:54.185'),
  (49, 1, 14, '2018-05-21 21:04:54.185'),
  (50, 15, 15, '2018-05-21 21:04:54.185'),
  (51, 12, 15, '2018-05-21 21:04:54.185'),
  (52, 2, 15, '2018-05-21 21:04:54.185'),
  (53, 1, 15, '2018-05-21 21:04:54.185'),
  (54, 16, 16, '2018-05-21 21:04:54.185'),
  (55, 12, 16, '2018-05-21 21:04:54.185'),
  (56, 2, 16, '2018-05-21 21:04:54.185'),
  (57, 1, 16, '2018-05-21 21:04:54.185'),
  (58, 17, 17, '2018-05-21 21:04:54.185'),
  (59, 12, 17, '2018-05-21 21:04:54.185'),
  (60, 2, 17, '2018-05-21 21:04:54.185'),
  (61, 1, 17, '2018-05-21 21:04:54.185'),
  (62, 18, 18, '2018-05-21 21:04:54.185'),
  (63, 12, 18, '2018-05-21 21:04:54.185'),
  (64, 2, 18, '2018-05-21 21:04:54.185'),
  (65, 1, 18, '2018-05-21 21:04:54.185'),
  (66, 19, 19, '2018-05-21 21:04:54.185'),
  (67, 12, 19, '2018-05-21 21:04:54.185'),
  (68, 2, 19, '2018-05-21 21:04:54.185'),
  (69, 1, 19, '2018-05-21 21:04:54.185'),
  (70, 20, 20, '2018-05-21 21:04:54.185'),
  (71, 12, 20, '2018-05-21 21:04:54.185'),
  (72, 2, 20, '2018-05-21 21:04:54.185'),
  (73, 1, 20, '2018-05-21 21:04:54.185'),
  (74, 21, 21, '2018-05-21 21:04:54.185'),
  (75, 1, 21, '2018-05-21 21:04:54.185'),
  (76, 22, 22, '2018-05-21 21:04:54.185'),
  (77, 21, 22, '2018-05-21 21:04:54.185'),
  (78, 1, 22, '2018-05-21 21:04:54.185'),
  (79, 23, 23, '2018-05-21 21:04:54.185'),
  (80, 22, 23, '2018-05-21 21:04:54.185'),
  (81, 21, 23, '2018-05-21 21:04:54.185'),
  (82, 1, 23, '2018-05-21 21:04:54.185'),
  (83, 24, 24, '2018-05-21 21:04:54.185'),
  (84, 22, 24, '2018-05-21 21:04:54.185'),
  (85, 21, 24, '2018-05-21 21:04:54.185'),
  (86, 1, 24, '2018-05-21 21:04:54.185'),
  (87, 25, 25, '2018-05-21 21:04:54.185'),
  (88, 22, 25, '2018-05-21 21:04:54.185'),
  (89, 21, 25, '2018-05-21 21:04:54.185'),
  (90, 1, 25, '2018-05-21 21:04:54.185'),
  (91, 26, 26, '2018-05-21 21:04:54.185'),
  (92, 22, 26, '2018-05-21 21:04:54.185'),
  (93, 21, 26, '2018-05-21 21:04:54.185'),
  (94, 1, 26, '2018-05-21 21:04:54.185'),
  (95, 27, 27, '2018-05-21 21:04:54.185'),
  (96, 22, 27, '2018-05-21 21:04:54.185'),
  (97, 21, 27, '2018-05-21 21:04:54.185'),
  (98, 1, 27, '2018-05-21 21:04:54.185'),
  (99, 28, 28, '2018-05-21 21:04:54.185'),
  (100, 22, 28, '2018-05-21 21:04:54.185'),
  (101, 21, 28, '2018-05-21 21:04:54.185'),
  (102, 1, 28, '2018-05-21 21:04:54.185'),
  (103, 29, 29, '2018-05-21 21:04:54.185'),
  (104, 22, 29, '2018-05-21 21:04:54.185'),
  (105, 21, 29, '2018-05-21 21:04:54.185'),
  (106, 1, 29, '2018-05-21 21:04:54.185'),
  (107, 30, 30, '2018-05-21 21:04:54.185'),
  (108, 22, 30, '2018-05-21 21:04:54.185'),
  (109, 21, 30, '2018-05-21 21:04:54.185'),
  (110, 1, 30, '2018-05-21 21:04:54.185'),
  (111, 31, 31, '2018-05-21 21:04:54.185'),
  (112, 21, 31, '2018-05-21 21:04:54.185'),
  (113, 1, 31, '2018-05-21 21:04:54.185'),
  (114, 32, 32, '2018-05-21 21:04:54.185'),
  (115, 31, 32, '2018-05-21 21:04:54.185'),
  (116, 21, 32, '2018-05-21 21:04:54.185'),
  (117, 1, 32, '2018-05-21 21:04:54.185'),
  (118, 33, 33, '2018-05-21 21:04:54.185'),
  (119, 31, 33, '2018-05-21 21:04:54.185'),
  (120, 21, 33, '2018-05-21 21:04:54.185'),
  (121, 1, 33, '2018-05-21 21:04:54.185'),
  (122, 34, 34, '2018-05-21 21:04:54.185'),
  (123, 31, 34, '2018-05-21 21:04:54.185'),
  (124, 21, 34, '2018-05-21 21:04:54.185'),
  (125, 1, 34, '2018-05-21 21:04:54.185'),
  (126, 35, 35, '2018-05-21 21:04:54.185'),
  (127, 31, 35, '2018-05-21 21:04:54.185'),
  (128, 21, 35, '2018-05-21 21:04:54.185'),
  (129, 1, 35, '2018-05-21 21:04:54.185'),
  (130, 36, 36, '2018-05-21 21:04:54.185'),
  (131, 31, 36, '2018-05-21 21:04:54.185'),
  (132, 21, 36, '2018-05-21 21:04:54.185'),
  (133, 1, 36, '2018-05-21 21:04:54.185'),
  (134, 37, 37, '2018-05-21 21:04:54.185'),
  (135, 31, 37, '2018-05-21 21:04:54.185'),
  (136, 21, 37, '2018-05-21 21:04:54.185'),
  (137, 1, 37, '2018-05-21 21:04:54.185'),
  (138, 38, 38, '2018-05-21 21:04:54.185'),
  (139, 31, 38, '2018-05-21 21:04:54.185'),
  (140, 21, 38, '2018-05-21 21:04:54.185'),
  (141, 1, 38, '2018-05-21 21:04:54.185'),
  (142, 39, 39, '2018-05-21 21:04:54.185'),
  (143, 31, 39, '2018-05-21 21:04:54.185'),
  (144, 21, 39, '2018-05-21 21:04:54.185'),
  (145, 1, 39, '2018-05-21 21:04:54.185');

INSERT INTO user (id, uuid, given_name, surname, email, email_display, created_timestamp)
VALUES
  (1, UUID(), 'department-administrator', 'department-administrator', 'department-administrator@prism.hr', 'd......................r@prism.hr', '2018-05-21 21:04:54.185'),
  (2, UUID(), 'department-author', 'department-author', 'department-author@prism.hr', 'd...............r@prism.hr', '2018-05-21 21:04:54.185'),
  (3, UUID(), 'department-member-pending', 'department-member-pending', 'department-member-pending@prism.hr', 'd.......................g@prism.hr', '2018-05-21 21:04:54.185'),
  (4, UUID(), 'department-member-accepted', 'department-member-accepted', 'department-member-accepted@prism.hr', 'd........................d@prism.hr', '2018-05-21 21:04:54.185'),
  (5, UUID(), 'department-member-rejected', 'department-member-rejected', 'department-member-rejected@prism.hr', 'd........................d@prism.hr', '2018-05-21 21:04:54.185'),
  (6, UUID(), 'department-accepted-administrator', 'department-accepted-administrator', 'department-accepted-administrator@prism.hr', 'd...............................r@prism.hr', '2018-05-21 21:04:54.185'),
  (7, UUID(), 'department-accepted-author', 'department-accepted-author', 'department-accepted-author@prism.hr', 'd........................r@prism.hr', '2018-05-21 21:04:54.185'),
  (8, UUID(), 'department-accepted-member-pending', 'department-accepted-member-pending', 'department-accepted-member-pending@prism.hr', 'd................................g@prism.hr', '2018-05-21 21:04:54.185'),
  (9, UUID(), 'department-accepted-member-accepted', 'department-accepted-member-accepted', 'department-accepted-member-accepted@prism.hr', 'd.................................d@prism.hr', '2018-05-21 21:04:54.185'),
  (10, UUID(), 'department-accepted-member-rejected', 'department-accepted-member-rejected', 'department-accepted-member-rejected@prism.hr', 'd.................................d@prism.hr', '2018-05-21 21:04:54.185'),
  (11, UUID(), 'department-accepted-post-administrator', 'department-accepted-post-administrator', 'department-accepted-post-administrator@prism.hr', 'd....................................r@prism.hr', '2018-05-21 21:04:54.185'),
  (12, UUID(), 'department-rejected-administrator', 'department-rejected-administrator', 'department-rejected-administrator@prism.hr', 'd...............................r@prism.hr', '2018-05-21 21:04:54.185'),
  (13, UUID(), 'department-rejected-author', 'department-rejected-author', 'department-rejected-author@prism.hr', 'd........................r@prism.hr', '2018-05-21 21:04:54.185'),
  (14, UUID(), 'department-rejected-member-pending', 'department-rejected-member-pending', 'department-rejected-member-pending@prism.hr', 'd................................g@prism.hr', '2018-05-21 21:04:54.185'),
  (15, UUID(), 'department-rejected-member-accepted', 'department-rejected-member-accepted', 'department-rejected-member-accepted@prism.hr', 'd.................................d@prism.hr', '2018-05-21 21:04:54.185'),
  (16, UUID(), 'department-rejected-member-rejected', 'department-rejected-member-rejected', 'department-rejected-member-rejected@prism.hr', 'd.................................d@prism.hr', '2018-05-21 21:04:54.185'),
  (17, UUID(), 'department-rejected-post-administrator', 'department-rejected-post-administrator', 'department-rejected-post-administrator@prism.hr', 'd....................................r@prism.hr', '2018-05-21 21:04:54.185'),
  (18, UUID(), 'no-roles', 'no-roles', 'no-roles@prism.hr', 'n......s@prism.hr', '2018-05-21 21:04:54.185');

INSERT INTO user_role (id, uuid, resource_id, user_id, role, state, created_timestamp)
VALUES
  (1, UUID(), 2, 1, 'ADMINISTRATOR', 'ACCEPTED', '2018-05-21 21:04:54.185'),
  (2, UUID(), 2, 2, 'AUTHOR', 'ACCEPTED', '2018-05-21 21:04:54.185'),
  (3, UUID(), 2, 3, 'MEMBER', 'PENDING', '2018-05-21 21:04:54.185'),
  (4, UUID(), 2, 4, 'MEMBER', 'ACCEPTED', '2018-05-21 21:04:54.185'),
  (5, UUID(), 2, 5, 'MEMBER', 'REJECTED', '2018-05-21 21:04:54.185'),
  (6, UUID(), 2, 6, 'ADMINISTRATOR', 'ACCEPTED', '2018-05-21 21:04:54.185'),
  (7, UUID(), 2, 7, 'AUTHOR', 'ACCEPTED', '2018-05-21 21:04:54.185'),
  (8, UUID(), 2, 8, 'MEMBER', 'PENDING', '2018-05-21 21:04:54.185'),
  (9, UUID(), 2, 9, 'MEMBER', 'ACCEPTED', '2018-05-21 21:04:54.185'),
  (10, UUID(), 2, 10, 'MEMBER', 'REJECTED', '2018-05-21 21:04:54.185'),
  (11, UUID(), 4, 11, 'ADMINISTRATOR', 'ACCEPTED', '2018-05-21 21:04:54.185'),
  (12, UUID(), 5, 11, 'ADMINISTRATOR', 'ACCEPTED', '2018-05-21 21:04:54.185'),
  (13, UUID(), 6, 11, 'ADMINISTRATOR', 'ACCEPTED', '2018-05-21 21:04:54.185'),
  (14, UUID(), 7, 11, 'ADMINISTRATOR', 'ACCEPTED', '2018-05-21 21:04:54.185'),
  (15, UUID(), 8, 11, 'ADMINISTRATOR', 'ACCEPTED', '2018-05-21 21:04:54.185'),
  (16, UUID(), 9, 11, 'ADMINISTRATOR', 'ACCEPTED', '2018-05-21 21:04:54.185'),
  (17, UUID(), 10, 11, 'ADMINISTRATOR', 'ACCEPTED', '2018-05-21 21:04:54.185'),
  (18, UUID(), 11, 11, 'ADMINISTRATOR', 'ACCEPTED', '2018-05-21 21:04:54.185'),
  (19, UUID(), 13, 11, 'ADMINISTRATOR', 'ACCEPTED', '2018-05-21 21:04:54.185'),
  (20, UUID(), 14, 11, 'ADMINISTRATOR', 'ACCEPTED', '2018-05-21 21:04:54.185'),
  (21, UUID(), 15, 11, 'ADMINISTRATOR', 'ACCEPTED', '2018-05-21 21:04:54.185'),
  (22, UUID(), 16, 11, 'ADMINISTRATOR', 'ACCEPTED', '2018-05-21 21:04:54.185'),
  (23, UUID(), 17, 11, 'ADMINISTRATOR', 'ACCEPTED', '2018-05-21 21:04:54.185'),
  (24, UUID(), 18, 11, 'ADMINISTRATOR', 'ACCEPTED', '2018-05-21 21:04:54.185'),
  (25, UUID(), 19, 11, 'ADMINISTRATOR', 'ACCEPTED', '2018-05-21 21:04:54.185'),
  (26, UUID(), 20, 11, 'ADMINISTRATOR', 'ACCEPTED', '2018-05-21 21:04:54.185'),
  (27, UUID(), 21, 1, 'ADMINISTRATOR', 'ACCEPTED', '2018-05-21 21:04:54.185'),
  (28, UUID(), 21, 2, 'AUTHOR', 'ACCEPTED', '2018-05-21 21:04:54.185'),
  (29, UUID(), 21, 3, 'MEMBER', 'PENDING', '2018-05-21 21:04:54.185'),
  (30, UUID(), 21, 4, 'MEMBER', 'ACCEPTED', '2018-05-21 21:04:54.185'),
  (31, UUID(), 21, 5, 'MEMBER', 'REJECTED', '2018-05-21 21:04:54.185'),
  (32, UUID(), 21, 12, 'ADMINISTRATOR', 'ACCEPTED', '2018-05-21 21:04:54.185'),
  (33, UUID(), 21, 13, 'AUTHOR', 'ACCEPTED', '2018-05-21 21:04:54.185'),
  (34, UUID(), 21, 14, 'MEMBER', 'PENDING', '2018-05-21 21:04:54.185'),
  (35, UUID(), 21, 15, 'MEMBER', 'ACCEPTED', '2018-05-21 21:04:54.185'),
  (36, UUID(), 21, 16, 'MEMBER', 'REJECTED', '2018-05-21 21:04:54.185'),
  (37, UUID(), 23, 17, 'ADMINISTRATOR', 'ACCEPTED', '2018-05-21 21:04:54.185'),
  (38, UUID(), 24, 17, 'ADMINISTRATOR', 'ACCEPTED', '2018-05-21 21:04:54.185'),
  (39, UUID(), 25, 17, 'ADMINISTRATOR', 'ACCEPTED', '2018-05-21 21:04:54.185'),
  (40, UUID(), 26, 17, 'ADMINISTRATOR', 'ACCEPTED', '2018-05-21 21:04:54.185'),
  (41, UUID(), 27, 17, 'ADMINISTRATOR', 'ACCEPTED', '2018-05-21 21:04:54.185'),
  (42, UUID(), 28, 17, 'ADMINISTRATOR', 'ACCEPTED', '2018-05-21 21:04:54.185'),
  (43, UUID(), 29, 17, 'ADMINISTRATOR', 'ACCEPTED', '2018-05-21 21:04:54.185'),
  (44, UUID(), 30, 17, 'ADMINISTRATOR', 'ACCEPTED', '2018-05-21 21:04:54.185'),
  (45, UUID(), 32, 17, 'ADMINISTRATOR', 'ACCEPTED', '2018-05-21 21:04:54.185'),
  (46, UUID(), 33, 17, 'ADMINISTRATOR', 'ACCEPTED', '2018-05-21 21:04:54.185'),
  (47, UUID(), 34, 17, 'ADMINISTRATOR', 'ACCEPTED', '2018-05-21 21:04:54.185'),
  (48, UUID(), 35, 17, 'ADMINISTRATOR', 'ACCEPTED', '2018-05-21 21:04:54.185'),
  (49, UUID(), 36, 17, 'ADMINISTRATOR', 'ACCEPTED', '2018-05-21 21:04:54.185'),
  (50, UUID(), 37, 17, 'ADMINISTRATOR', 'ACCEPTED', '2018-05-21 21:04:54.185'),
  (51, UUID(), 38, 17, 'ADMINISTRATOR', 'ACCEPTED', '2018-05-21 21:04:54.185'),
  (52, UUID(), 39, 17, 'ADMINISTRATOR', 'ACCEPTED', '2018-05-21 21:04:54.185');
